{
  "experiment": "exp_02_adaptive",
  "timestamp": "2026-06-30T19:40:33.932047+00:00",
  "benchmark_config": {
    "n_rows": 50000,
    "n_queries": 50,
    "n_warmup": 5,
    "top_k": 10,
    "index_type": "hnsw",
    "ef_search": 40,
    "threshold": 0.05
  },
  "results": [
    {
      "target_selectivity": 0.01,
      "actual_selectivity": 0.0111,
      "n_filtered": 555,
      "threshold": 0.05,
      "fixed_a": {
        "mean_ms": 7.539721999200992,
        "median_ms": 7.163099988247268,
        "p95_ms": 10.198984992166508,
        "std_ms": 1.4762722526387948
      },
      "fixed_b": {
        "mean_ms": 2.884512002347037,
        "median_ms": 2.8970500134164467,
        "p95_ms": 3.3197749857208687,
        "std_ms": 0.23558711332065982
      },
      "adaptive": {
        "mean_ms": 2.781066001043655,
        "median_ms": 2.6874500181293115,
        "p95_ms": 3.3094099941081367,
        "std_ms": 0.2873268750071221
      },
      "oracle": {
        "mean_ms": 2.884512002347037,
        "median_ms": 2.8970500134164467,
        "p95_ms": 3.3197749857208687,
        "std_ms": 0.23558711332065982
      },
      "adaptive_choices": {
        "A": 0,
        "B": 50
      },
      "probe_overhead_ms": {
        "mean_ms": 0.352452002116479,
        "median_ms": 0.33570000960025936,
        "p95_ms": 0.487965007778257,
        "std_ms": 0.057152396522884605
      }
    },
    {
      "target_selectivity": 0.05,
      "actual_selectivity": 0.05004,
      "n_filtered": 2502,
      "threshold": 0.05,
      "fixed_a": {
        "mean_ms": 6.8399239995051175,
        "median_ms": 6.930849995114841,
        "p95_ms": 7.899395006825216,
        "std_ms": 0.6367459543786211
      },
      "fixed_b": {
        "mean_ms": 19.87157599942293,
        "median_ms": 19.791049999184906,
        "p95_ms": 22.001754996017553,
        "std_ms": 1.404113862415603
      },
      "adaptive": {
        "mean_ms": 6.909863998298533,
        "median_ms": 6.867499992949888,
        "p95_ms": 8.590304999961518,
        "std_ms": 0.8462222607331734
      },
      "oracle": {
        "mean_ms": 6.8399239995051175,
        "median_ms": 6.930849995114841,
        "p95_ms": 7.899395006825216,
        "std_ms": 0.6367459543786211
      },
      "adaptive_choices": {
        "A": 50,
        "B": 0
      },
      "probe_overhead_ms": {
        "mean_ms": 0.8419440011493862,
        "median_ms": 0.8238500013248995,
        "p95_ms": 1.035930003854446,
        "std_ms": 0.1348503013896479
      }
    },
    {
      "target_selectivity": 0.1,
      "actual_selectivity": 0.1,
      "n_filtered": 5000,
      "threshold": 0.05,
      "fixed_a": {
        "mean_ms": 6.512739998288453,
        "median_ms": 6.50199998926837,
        "p95_ms": 7.541630000923759,
        "std_ms": 0.6099911007208465
      },
      "fixed_b": {
        "mean_ms": 29.819121996406466,
        "median_ms": 29.28149998479057,
        "p95_ms": 34.2454399986309,
        "std_ms": 2.5927487849568065
      },
      "adaptive": {
        "mean_ms": 7.564512001117691,
        "median_ms": 7.358250004472211,
        "p95_ms": 9.504684996500146,
        "std_ms": 1.0331274864261213
      },
      "oracle": {
        "mean_ms": 6.512739998288453,
        "median_ms": 6.50199998926837,
        "p95_ms": 7.541630000923759,
        "std_ms": 0.6099911007208465
      },
      "adaptive_choices": {
        "A": 50,
        "B": 0
      },
      "probe_overhead_ms": {
        "mean_ms": 1.3824280007975176,
        "median_ms": 1.3227999879745767,
        "p95_ms": 1.7820300010498609,
        "std_ms": 0.2369377243670449
      }
    },
    {
      "target_selectivity": 0.25,
      "actual_selectivity": 0.25002,
      "n_filtered": 12501,
      "threshold": 0.05,
      "fixed_a": {
        "mean_ms": 7.411165999947116,
        "median_ms": 7.186799994087778,
        "p95_ms": 9.865260010701602,
        "std_ms": 1.8303935734588748
      },
      "fixed_b": {
        "mean_ms": 90.87497599772178,
        "median_ms": 89.6241000154987,
        "p95_ms": 110.59850999881743,
        "std_ms": 8.894867105439467
      },
      "adaptive": {
        "mean_ms": 6.875297997612506,
        "median_ms": 6.59540000197012,
        "p95_ms": 9.506670005794144,
        "std_ms": 1.3306029504259498
      },
      "oracle": {
        "mean_ms": 7.411165999947116,
        "median_ms": 7.186799994087778,
        "p95_ms": 9.865260010701602,
        "std_ms": 1.8303935734588748
      },
      "adaptive_choices": {
        "A": 50,
        "B": 0
      },
      "probe_overhead_ms": {
        "mean_ms": 4.516884000040591,
        "median_ms": 4.398599994601682,
        "p95_ms": 5.7017650033230876,
        "std_ms": 0.544235633509292
      }
    },
    {
      "target_selectivity": 0.5,
      "actual_selectivity": 0.5,
      "n_filtered": 25000,
      "threshold": 0.05,
      "fixed_a": {
        "mean_ms": 6.2715040013426915,
        "median_ms": 6.213150001713075,
        "p95_ms": 7.145055002183653,
        "std_ms": 0.57927241868234
      },
      "fixed_b": {
        "mean_ms": 120.0560000014957,
        "median_ms": 113.3694499876583,
        "p95_ms": 167.69062500097786,
        "std_ms": 18.794117214159222
      },
      "adaptive": {
        "mean_ms": 6.061003998620436,
        "median_ms": 5.552600006922148,
        "p95_ms": 10.502689995337276,
        "std_ms": 1.6431405648724275
      },
      "oracle": {
        "mean_ms": 6.2715040013426915,
        "median_ms": 6.213150001713075,
        "p95_ms": 7.145055002183653,
        "std_ms": 0.57927241868234
      },
      "adaptive_choices": {
        "A": 50,
        "B": 0
      },
      "probe_overhead_ms": {
        "mean_ms": 5.220037999097258,
        "median_ms": 5.051349988207221,
        "p95_ms": 5.868199992983136,
        "std_ms": 0.4986081226830314
      }
    },
    {
      "target_selectivity": 0.75,
      "actual_selectivity": 0.75,
      "n_filtered": 37500,
      "threshold": 0.05,
      "fixed_a": {
        "mean_ms": 6.155001998995431,
        "median_ms": 6.0937499947613105,
        "p95_ms": 7.636424983502365,
        "std_ms": 0.9192914203066398
      },
      "fixed_b": {
        "mean_ms": 143.47255999804474,
        "median_ms": 141.92794999689795,
        "p95_ms": 158.24600999767426,
        "std_ms": 9.104596733385684
      },
      "adaptive": {
        "mean_ms": 6.399107997422107,
        "median_ms": 5.8285499981138855,
        "p95_ms": 10.701649999828076,
        "std_ms": 1.784987300485702
      },
      "oracle": {
        "mean_ms": 6.155001998995431,
        "median_ms": 6.0937499947613105,
        "p95_ms": 7.636424983502365,
        "std_ms": 0.9192914203066398
      },
      "adaptive_choices": {
        "A": 50,
        "B": 0
      },
      "probe_overhead_ms": {
        "mean_ms": 6.69636000005994,
        "median_ms": 6.484900004579686,
        "p95_ms": 8.025464990350882,
        "std_ms": 0.6841064896554231
      }
    }
  ]
}